{"cameraMode":{"drawMode":0,"name":"Shaded","section":"Shading Mode"},"sceneLighting":false,"audioPlay":false,"sceneViewState":{"m_AlwaysRefresh":false,"showFog":true,"showSkybox":false,"showFlares":true,"showImageEffects":true,"showParticleSystems":true,"showVisualEffectGraphs":true,"m_FxEnabled":false},"in2DMode":false,"pivot":{"x":-12.964669227600098,"y":6.077497959136963,"z":-7.283474445343018},"rotation":{"x":0.0011900871759280563,"y":0.036587756127119067,"z":0.000041695308027556166,"w":-0.9993236064910889},"size":5.673735618591309,"orthographic":false}