{"cameraMode":{"drawMode":0,"name":"Shaded","section":"Shading Mode"},"sceneLighting":false,"audioPlay":false,"sceneViewState":{"m_AlwaysRefresh":false,"showFog":true,"showSkybox":false,"showFlares":true,"showImageEffects":true,"showParticleSystems":true,"showVisualEffectGraphs":true,"m_FxEnabled":true},"in2DMode":false,"pivot":{"x":0.8437764644622803,"y":6.012038707733154,"z":-11.297390937805176},"rotation":{"x":-0.20424354076385499,"y":-0.03379763662815094,"z":0.0070719532668590549,"w":-0.9783401489257813},"size":2.1739072799682619,"orthographic":false}