{"cameraMode":{"drawMode":0,"name":"Shaded","section":"Shading Mode"},"sceneLighting":true,"audioPlay":false,"sceneViewState":{"m_AlwaysRefresh":false,"showFog":true,"showSkybox":false,"showFlares":true,"showImageEffects":true,"showParticleSystems":true,"showVisualEffectGraphs":true,"m_FxEnabled":true},"in2DMode":false,"pivot":{"x":8.128405570983887,"y":-0.008635838516056538,"z":-1.3701268434524537},"rotation":{"x":-0.12797914445400239,"y":-0.12170440703630448,"z":0.015826785936951639,"w":-0.9841887354850769},"size":7.2300825119018559,"orthographic":false}